{
  "custom": {},
  "params": {},
  "props": {
    "defaultSize": {
      "height": 94,
      "width": 498
    }
  },
  "root": {
    "children": [
      {
        "meta": {
          "name": "Label"
        },
        "position": {
          "height": 0.9043,
          "width": 0.8574,
          "x": 0.0502,
          "y": 0.0426
        },
        "props": {
          "style": {
            "classes": "Header"
          },
          "text": "ACME Inc."
        },
        "type": "ia.display.label"
      }
    ],
    "meta": {
      "name": "root"
    },
    "position": {
      "x": 70,
      "y": 42
    },
    "props": {
      "mode": "percent",
      "style": {
        "backgroundColor": "#FFFFFF",
        "color": "#000000"
      }
    },
    "type": "ia.container.coord"
  }
}