{
  "custom": {},
  "params": {
    "sensorpath": 3
  },
  "propConfig": {
    "params.sensorpath": {
      "paramDirection": "input",
      "persistent": true
    }
  },
  "props": {
    "defaultSize": {
      "height": 561,
      "width": 566
    }
  },
  "root": {
    "children": [
      {
        "children": [
          {
            "children": [
              {
                "meta": {
                  "name": "Label"
                },
                "position": {
                  "basis": "198px"
                },
                "props": {
                  "style": {
                    "textAlign": "center"
                  },
                  "text": "Reading"
                },
                "type": "ia.display.label"
              }
            ],
            "meta": {
              "name": "FlexContainer"
            },
            "position": {
              "basis": "67px"
            },
            "props": {
              "style": {
                "color": "#006F26",
                "fontFamily": "Verdana",
                "fontSize": 20,
                "fontWeight": "bolder",
                "textAlign": "right"
              }
            },
            "type": "ia.container.flex"
          },
          {
            "children": [
              {
                "meta": {
                  "name": "Label"
                },
                "position": {
                  "basis": "197px"
                },
                "props": {
                  "text": "Mode"
                },
                "type": "ia.display.label"
              }
            ],
            "meta": {
              "name": "FlexContainer_0"
            },
            "position": {
              "basis": "81px"
            },
            "props": {
              "style": {
                "color": "#006F26",
                "fontFamily": "Verdana",
                "fontSize": 20,
                "fontWeight": "bolder",
                "textAlign": "center"
              }
            },
            "type": "ia.container.flex"
          },
          {
            "meta": {
              "name": "Sensor"
            },
            "position": {
              "basis": "110px"
            },
            "type": "ia.symbol.sensor"
          }
        ],
        "meta": {
          "name": "FlexContainer"
        },
        "position": {
          "height": 0.9073,
          "width": 0.3527,
          "x": 0.0033,
          "y": 0.0937
        },
        "props": {
          "direction": "column",
          "justify": "space-evenly",
          "style": {
            "backgroundColor": "#ABB8D0"
          }
        },
        "type": "ia.container.flex"
      },
      {
        "children": [
          {
            "meta": {
              "name": "LedDisplay"
            },
            "position": {
              "basis": "48px"
            },
            "propConfig": {
              "props.value": {
                "binding": {
                  "config": {
                    "bidirectional": true,
                    "fallbackDelay": 2.5,
                    "mode": "indirect",
                    "references": {
                      "sensorpath": "{view.params.sensorpath}"
                    },
                    "tagPath": "[default]Sensor {sensorpath}/Reading"
                  },
                  "type": "tag"
                }
              }
            },
            "props": {
              "segmentFormat": "7 segment"
            },
            "type": "ia.display.led-display"
          },
          {
            "meta": {
              "name": "NumericEntryField"
            },
            "position": {
              "basis": "50px"
            },
            "propConfig": {
              "props.value": {
                "binding": {
                  "config": {
                    "fallbackDelay": 2.5,
                    "mode": "indirect",
                    "references": {
                      "1": "{view.params.sensorpath}"
                    },
                    "tagPath": "[default]Sensor {1}/Mode"
                  },
                  "type": "tag"
                }
              }
            },
            "type": "ia.input.numeric-entry-field"
          },
          {
            "meta": {
              "name": "MultiStateButton"
            },
            "position": {
              "basis": "113px"
            },
            "propConfig": {
              "props.controlValue": {
                "binding": {
                  "config": {
                    "bidirectional": true,
                    "fallbackDelay": 2.5,
                    "mode": "indirect",
                    "references": {
                      "1": "{view.params.sensorpath}"
                    },
                    "tagPath": "[default]Sensor {1}/Mode"
                  },
                  "type": "tag"
                }
              },
              "props.indicatorValue": {
                "binding": {
                  "config": {
                    "fallbackDelay": 2.5,
                    "mode": "indirect",
                    "references": {
                      "1": "{view.params.sensorpath}"
                    },
                    "tagPath": "[default]Sensor {1}/Mode"
                  },
                  "type": "tag"
                }
              }
            },
            "props": {
              "states": [
                {
                  "selectedStyle": {
                    "backgroundColor": "#FFF275",
                    "classes": ""
                  },
                  "text": "On",
                  "unselectedStyle": {
                    "classes": ""
                  },
                  "value": 1
                },
                {
                  "selectedStyle": {
                    "backgroundColor": "#F84553",
                    "classes": ""
                  },
                  "text": "Off",
                  "unselectedStyle": {
                    "classes": ""
                  },
                  "value": 0
                },
                {
                  "selectedStyle": {
                    "backgroundColor": "#7CEA9C",
                    "classes": ""
                  },
                  "text": "Calibrate",
                  "unselectedStyle": {
                    "classes": ""
                  },
                  "value": 2
                }
              ]
            },
            "type": "ia.input.multi-state-button"
          }
        ],
        "custom": {
          "key": {}
        },
        "meta": {
          "name": "FlexContainer_0"
        },
        "position": {
          "height": 0.9038,
          "width": 0.6389,
          "x": 0.3586,
          "y": 0.096
        },
        "props": {
          "direction": "column",
          "justify": "space-evenly",
          "style": {
            "backgroundColor": "#ABB8D0"
          }
        },
        "type": "ia.container.flex"
      },
      {
        "children": [
          {
            "meta": {
              "name": "Label"
            },
            "position": {
              "basis": "547px"
            },
            "propConfig": {
              "props.text": {
                "binding": {
                  "config": {
                    "expression": "\"Sensor Number \" + {view.params.sensorpath}"
                  },
                  "type": "expr"
                }
              }
            },
            "props": {
              "style": {
                "borderStyle": "none",
                "fontFamily": "sans-serif",
                "fontSize": 25,
                "textAlign": "center"
              }
            },
            "type": "ia.display.label"
          }
        ],
        "meta": {
          "name": "FlexContainer_1"
        },
        "position": {
          "height": 0.0909,
          "width": 0.995,
          "x": 0.0017,
          "y": 0.0018
        },
        "type": "ia.container.flex"
      }
    ],
    "meta": {
      "name": "root"
    },
    "props": {
      "mode": "percent"
    },
    "type": "ia.container.coord"
  }
}