{
  "custom": {},
  "params": {},
  "props": {},
  "root": {
    "children": [
      {
        "children": [
          {
            "meta": {
              "name": "Label"
            },
            "position": {
              "basis": "68px"
            },
            "props": {
              "text": "Overview of Sensors",
              "textStyle": {
                "backgroundColor": "#7A7EA9",
                "fontFamily": "Merriweather",
                "fontSize": 25,
                "textAlign": "center"
              }
            },
            "type": "ia.display.label"
          },
          {
            "meta": {
              "name": "Carousel"
            },
            "position": {
              "basis": "522px"
            },
            "props": {
              "activePane": 2,
              "views": [
                {
                  "alignItems": "center",
                  "direction": "row",
                  "justify": "flex-start",
                  "viewParams": {
                    "sensorpath": 2
                  },
                  "viewPath": "Sensor Details"
                },
                {
                  "alignItems": "flex-start",
                  "direction": "row",
                  "justify": "flex-start",
                  "viewParams": {
                    "sensorpath": 3
                  },
                  "viewPath": "Sensor Details"
                },
                {
                  "alignItems": "flex-start",
                  "direction": "row",
                  "justify": "flex-start",
                  "viewParams": {
                    "sensorpath": 6
                  },
                  "viewPath": "Sensor Details"
                },
                {
                  "alignItems": "flex-start",
                  "direction": "row",
                  "justify": "flex-start",
                  "viewParams": {
                    "sensorpath": 9
                  },
                  "viewPath": "Sensor Details"
                }
              ]
            },
            "type": "ia.display.carousel"
          }
        ],
        "meta": {
          "name": "FlexContainer"
        },
        "position": {
          "height": 0.7762,
          "rotate": {
            "anchor": "67% 50%"
          },
          "width": 0.875,
          "x": 0.0625,
          "y": 0.0675
        },
        "props": {
          "direction": "column",
          "justify": "space-around",
          "style": {
            "borderStyle": "solid"
          }
        },
        "type": "ia.container.flex"
      }
    ],
    "meta": {
      "name": "root"
    },
    "props": {
      "mode": "percent"
    },
    "type": "ia.container.coord"
  }
}